dataset,frame,points,invalid_xyz,eligible_objects,reference_object_points,camera_lidar_gap_ms
kitti_mini,000001,120268,0,3,97,0.00000000
kitti_mini,000004,115976,0,2,103,0.00000000
kitti_mini,000007,122798,0,4,240,0.00000000
kitti_mini,000008,122555,0,6,5108,0.00000000
kitti_mini,000009,123928,0,1,219,0.00000000
kitti_mini,000010,115875,0,9,2058,0.00000000
kitti_mini,000011,108004,0,6,721,0.00000000
kitti_mini,000012,120007,0,2,52,0.00000000
kitti_mini,000015,122583,0,5,2182,0.00000000
kitti_mini,000016,113070,0,5,3819,0.00000000
kitti_mini,000019,115697,0,4,6223,0.00000000
kitti_mini,000021,125260,0,8,2595,0.00000000
kitti_mini,000023,120412,0,3,107,0.00000000
kitti_mini,000025,115780,0,6,1684,0.00000000
kitti_mini,000031,121291,0,6,3074,0.00000000
kitti_mini,000032,118661,0,10,4985,0.00000000
kitti_mini,000043,122591,0,4,503,0.00000000
kitti_mini,000048,122675,0,4,370,0.00000000
kitti_mini,000049,113691,0,17,4521,0.00000000
kitti_mini,000061,125247,0,6,1348,0.00000000
nuscenes_mini_subset,scene-0103_000,34752,0,4,27,-35.18600000
nuscenes_mini_subset,scene-0103_001,34688,0,5,41,-35.62100000
nuscenes_mini_subset,scene-0103_002,34752,0,4,29,-35.48900000
nuscenes_mini_subset,scene-0103_003,34720,0,5,47,-35.36500000
nuscenes_mini_subset,scene-0103_004,34784,0,8,112,-35.78800000
nuscenes_mini_subset,scene-0103_005,34720,0,6,119,-36.22600000
nuscenes_mini_subset,scene-0103_006,34688,0,4,46,-36.66200000
nuscenes_mini_subset,scene-0103_007,34688,0,5,132,-36.52900000
nuscenes_mini_subset,scene-0103_008,34720,0,5,126,-36.42000000
nuscenes_mini_subset,scene-0103_009,34720,0,5,103,-35.74700000
nuscenes_mini_subset,scene-0103_010,34720,0,6,99,-35.61600000
nuscenes_mini_subset,scene-0103_011,34688,0,3,91,-35.48600000
nuscenes_mini_subset,scene-0103_012,34688,0,4,125,-35.36200000
nuscenes_mini_subset,scene-0103_013,34688,0,4,182,-34.62100000
nuscenes_mini_subset,scene-0103_014,34720,0,4,292,-34.49500000
nuscenes_mini_subset,scene-0103_015,34688,0,5,356,-34.38100000
nuscenes_mini_subset,scene-0103_016,34720,0,4,318,-34.23200000
nuscenes_mini_subset,scene-0103_017,34720,0,6,304,-34.33000000
nuscenes_mini_subset,scene-0103_018,34784,0,6,327,-34.77500000
nuscenes_mini_subset,scene-0103_019,34784,0,7,256,-35.18400000
nuscenes_mini_subset,scene-0103_020,34752,0,7,238,-35.61600000
nuscenes_mini_subset,scene-0103_021,34752,0,6,219,-35.81800000
nuscenes_mini_subset,scene-0103_022,34752,0,5,203,-37.76000000
nuscenes_mini_subset,scene-0103_023,34720,0,7,231,-36.13200000
nuscenes_mini_subset,scene-0103_024,34688,0,8,188,-35.99300000
nuscenes_mini_subset,scene-0103_025,34688,0,5,85,-35.32900000
nuscenes_mini_subset,scene-0103_026,34688,0,6,105,-35.20200000
nuscenes_mini_subset,scene-0103_027,34752,0,5,116,-35.08600000
nuscenes_mini_subset,scene-0103_028,34720,0,6,139,-34.64600000
nuscenes_mini_subset,scene-0103_029,34720,0,7,173,-34.83300000
nuscenes_mini_subset,scene-0103_030,34688,0,7,231,-34.73000000
nuscenes_mini_subset,scene-0103_031,34688,0,9,316,-34.58900000
nuscenes_mini_subset,scene-0103_032,34752,0,9,324,-34.46200000
nuscenes_mini_subset,scene-0103_033,34784,0,8,374,-34.85500000
nuscenes_mini_subset,scene-0103_034,34688,0,7,427,-35.34100000
nuscenes_mini_subset,scene-0103_035,34720,0,7,381,-35.30200000
nuscenes_mini_subset,scene-0103_036,34752,0,6,277,-35.64500000
nuscenes_mini_subset,scene-0103_037,34720,0,6,336,-35.52400000
nuscenes_mini_subset,scene-0103_038,34752,0,7,388,-36.51200000
nuscenes_mini_subset,scene-0103_039,34720,0,5,265,-35.82300000
nuscenes_mini_subset,scene-1094_000,34400,0,7,592,-35.65900000
nuscenes_mini_subset,scene-1094_001,34688,0,7,572,-35.52100000
nuscenes_mini_subset,scene-1094_002,34720,0,10,560,-35.43700000
nuscenes_mini_subset,scene-1094_003,34688,0,10,550,-34.71900000
nuscenes_mini_subset,scene-1094_004,34720,0,10,538,-34.59900000
nuscenes_mini_subset,scene-1094_005,34752,0,8,565,-35.02500000
nuscenes_mini_subset,scene-1094_006,34688,0,8,567,-34.91800000
nuscenes_mini_subset,scene-1094_007,34720,0,8,609,-37.68300000
nuscenes_mini_subset,scene-1094_008,34752,0,8,633,-35.24500000
nuscenes_mini_subset,scene-1094_009,34720,0,9,454,-35.63100000
nuscenes_mini_subset,scene-1094_010,34688,0,10,355,-35.01800000
nuscenes_mini_subset,scene-1094_011,34688,0,9,336,-34.85300000
nuscenes_mini_subset,scene-1094_012,34752,0,10,429,-35.27600000
nuscenes_mini_subset,scene-1094_013,34752,0,10,482,-35.25700000
nuscenes_mini_subset,scene-1094_014,34720,0,8,578,-35.57300000
nuscenes_mini_subset,scene-1094_015,34752,0,7,479,-35.99500000
nuscenes_mini_subset,scene-1094_016,34816,0,7,176,-37.00000000
nuscenes_mini_subset,scene-1094_017,34752,0,6,142,-37.95900000
nuscenes_mini_subset,scene-1094_018,34688,0,3,95,-37.84200000
nuscenes_mini_subset,scene-1094_019,34688,0,4,113,-37.72700000
nuscenes_mini_subset,scene-1094_020,34720,0,4,90,-37.26900000
nuscenes_mini_subset,scene-1094_021,34688,0,3,80,-36.58200000
nuscenes_mini_subset,scene-1094_022,34656,0,3,52,-36.46300000
nuscenes_mini_subset,scene-1094_023,34688,0,3,34,-39.53500000
nuscenes_mini_subset,scene-1094_024,34688,0,2,45,-34.88900000
nuscenes_mini_subset,scene-1094_025,34720,0,3,67,-34.76600000
nuscenes_mini_subset,scene-1094_026,34752,0,5,52,-34.62600000
nuscenes_mini_subset,scene-1094_027,34752,0,5,75,-35.09500000
nuscenes_mini_subset,scene-1094_028,34752,0,5,83,-35.50200000
nuscenes_mini_subset,scene-1094_029,34720,0,4,50,-35.44000000
nuscenes_mini_subset,scene-1094_030,34720,0,3,82,-35.24500000
nuscenes_mini_subset,scene-1094_031,34752,0,2,56,-35.11200000
nuscenes_mini_subset,scene-1094_032,34784,0,2,115,-35.54300000
nuscenes_mini_subset,scene-1094_033,34720,0,3,96,-35.99400000
nuscenes_mini_subset,scene-1094_034,34720,0,2,20,-35.86000000
nuscenes_mini_subset,scene-1094_035,34720,0,1,8,-35.42300000
nuscenes_mini_subset,scene-1094_036,34720,0,1,17,-35.61400000
nuscenes_mini_subset,scene-1094_037,34752,0,2,12,-36.02700000
nuscenes_mini_subset,scene-1094_038,34688,0,3,65,-35.90100000
nuscenes_mini_subset,scene-1094_039,34720,0,3,28,-35.22800000
