dataset,yaw_deg,frames,valid_points,inside_fov,reference_points,retained_points,gt_points,gt_inside_own_box,mean_shift_px,fov_pct,retention_pct,gt_inside_own_box_pct
kitti_mini,-3.00000000,20,2386369,375070,40009,30039,40184,30109,43.38688488,15.71718372,75.08060686,74.92783197
kitti_mini,-2.00000000,20,2386369,375271,40009,33733,40184,33844,29.00698401,15.72560656,84.31352946,84.22257615
kitti_mini,-1.00000000,20,2386369,375386,40009,37848,40184,37981,14.54404576,15.73042560,94.59871529,94.51771849
kitti_mini,-0.50000000,20,2386369,375442,40009,39373,40184,39492,7.28348984,15.73277226,98.41035767,98.27792156
kitti_mini,0.00000000,20,2386369,375604,40009,40009,40184,40009,0.00000000,15.73956081,100.00000000,99.56450328
kitti_mini,0.50000000,20,2386369,375771,40009,39019,40184,39058,7.28391974,15.74655889,97.52555675,97.19788971
kitti_mini,1.00000000,20,2386369,375848,40009,37269,40184,37310,14.54645822,15.74978555,93.15154090,92.84789966
kitti_mini,2.00000000,20,2386369,375887,40009,33680,40184,33722,29.01218999,15.75141983,84.18105926,83.91897273
kitti_mini,3.00000000,20,2386369,376084,40009,30470,40184,30507,43.39522334,15.75967505,76.15786448,75.91827593
nuscenes_mini_subset,-3.00000000,80,2777504,242619,18100,13292,18109,13293,75.28024050,8.73514494,73.43646409,73.40548898
nuscenes_mini_subset,-2.00000000,80,2777504,242593,18100,15180,18109,15181,50.29614189,8.73420884,83.86740331,83.83124413
nuscenes_mini_subset,-1.00000000,80,2777504,242434,18100,17079,18109,17080,25.20629747,8.72848428,94.35911602,94.31774256
nuscenes_mini_subset,-0.50000000,80,2777504,242393,18100,17792,18109,17793,12.61819238,8.72700813,98.29834254,98.25501132
nuscenes_mini_subset,0.00000000,80,2777504,242382,18100,18100,18109,18100,0.00000000,8.72661209,100.00000000,99.95030096
nuscenes_mini_subset,0.50000000,80,2777504,242290,18100,17794,18109,17802,12.61778212,8.72329977,98.30939227,98.30471037
nuscenes_mini_subset,1.00000000,80,2777504,242294,18100,17093,18109,17101,25.20534564,8.72344378,94.43646409,94.43370700
nuscenes_mini_subset,2.00000000,80,2777504,242131,18100,15126,18109,15133,50.29238938,8.71757520,83.56906077,83.56618256
nuscenes_mini_subset,3.00000000,80,2777504,241969,18100,13163,18109,13170,75.27043211,8.71174263,72.72375691,72.72626871
